ID,Description,Is_Response
1, belanja murah & mudah say,happy
2,belanja produk digital disini aja gaesss pulsa token listrik tiket pesawat...termurah se- OL Shop lain,happy
3,Sering belanja di bukalapak. Nyaman murah terpercaya.  Tapi ngga sreg sma Wishlishnya. Kalo yg udh di masukin daftar wishlish. suka ngga muncul euy :') perbaikkin lagi dong,happy
4,ecommerce yang mudah utk belanja,happy
5,Sangat membantu hidup saya..  mudah2n bukalapak panjang umur  amin,happy
6,SEMAKIN BANYAK TEROBOSAN TEROBOSAN NYA BUKALAPAK MANTAP EUY,happy
7,85 % saya menggunakan aplikasi ini saat berbelanja online karena ada pilihan kurir dan melacaknya mudah. kalo boleh saran tolong ditambah fitur cicilan tanpa kartu kredit untuk pembeli. Trims. Bukalapak Jaya selalu,happy
8,Suka bangt Smoga lancar smuanya,happy
9,Hendaknya diberi tahu jg persyaratan dan cara buka lapak/ belanja on line secara sistematis dan praktis sehingga mudah dipa hami masyarakat .Terima kasih.,happy
10,Aplikasinya keren.paling responsive dibanding e-commerce yang lain.cuma mungkin bbrp fitur harus ditingkatkan lagi,happy
11,terimakasih BL sy masih pelajar smk jd bisa berbisnis dgn omset bisa 1jt per bulan,happy
12,Good Jadi gila jadi gila bukalapak bikin gila bikin gila sakitttttttt jiwaaaaaa sakittttt jiwa,happy
13,5 bintang,happy
14,Bagus. Banyak promonya,happy
15,Rekomendasi banget,happy
16,layanan jual beli online yang mantab,happy
17,Mantap Gak salah lagi pilih BUKALAPAK emang cincai,happy
18,Lebih murah dan aman berbelanja di sini,happy
19,Bagus Selalu simpel dalam pelayanan dan cs nya ramah,happy
20,Mantap dech,happy
21,puas belanja aman nyaman dan lebih murah tentunya...BUKALAPAK puas deh,happy
22,mohon ditambahkan lokasi pembayaran PDAM di daerah balikpapanğŸ™,happy
23,Bukalapak barangnya lebih lengkap daripada aplikasi belanja yg gua download waktu itu... sukses terus bukalapak,happy
24,Great Thank's so much for y'r good services,happy
25,Selama belanja di bukalapak alhamdulillah aman aman saja,happy
26,Persyaratan untuk mendapatkan komisi lebih di permudah lagi jadi orang biasa bisa jualan untuk e commers nya,happy
27,Saya kasi bintang 5... aman bgt belanja di sini belanja aman,happy
28,Aku suka karena @ghauzyutary itu me jadi aku sukaaa banget muach,happy
29,Pustaka abadi Alhamdulillah... disini buku2 saya dapat terjual dgn mudah. Terima pkasih.,happy
30,Baru pertama pake aplikasi ini Puas bangetsmoga bisa selalu seperti ini,happy
31,Jual beli nyaman dan terpercaya sentosa tanpa ada gangguan hehe,happy
32,Mantap BL Lapak yg bagus mudah aman,happy
33,Bukalapak Sangat bagus jangan bikin kecewa pelanggan ya,happy
34,Aplikasiny bermanfaat buat pelapak yang kecil seperti saya thanks,happy
35,Berjodoh di Buka Lapak jualan saya menemukan jodohnya di sini. Setelah setahun tidak kunjung laku  baru 2 hari upload di BL  alhamdulillah langsung ada yg minat. Transaksi cepat pula. Terima kasih bukalapak buka jalan  buka harapan,happy
36,Semoga install aplikasi ini bagus gak error,happy
37,I like it so cari2 barang yg bisa di jual. ahhhh,happy
38,Buka lapak Terpercaya......!!!!Mantab!!!!!!!!,happy
39,Aplikasinya ga ribet banyak promonya,happy
40,Bagus pertahankan kualitas semuanya bnykin promo dan Adain cod,happy
41,trimakasih atas fasilitas yang diberikan dan promonya hehe,happy
42,Buka lapak emang ok kaya diiklan tv hehe,happy
43,Transaksi jadi lebih mudah pakai ecommerce Bukalapak,happy
44,Bukalapak My Hero. Aman. Mudah. Cepat. Saya dapat banyak keuntungan di sini. Mantab & Thankyou. Sukses Selalu Bukalapak.,happy
45,Keren dan enak mncari barangsaya beli alphard sama audi a7 lancar aja tidak ada tipuan â˜º mksih bukalapak,happy
46,Santai dan Akurat,happy
47,Top Membantu dlm berbelanja kebutuhan apapun semua ada,happy
48,Mantabzz jaya abadi sentosa. Semoga semakin maju bukalapak,happy
49,Sy suka bngt pakaii bukalapak diskonnya banyak,happy
50,Mantap pengiriman cepet sampe . barang bagus ketika sampe,happy
51,Mantaps pengiriman cepat,happy
52,Kayaknya ini aplikasi ecom yg paling cepat..salut buat tim pengembangnya..,happy
53,cepattepatmantap,happy
54,Terima kasih Bukalapak selama ini belanja di Bukalapak gak pernah ngecewain packing rapi+cepat sampai+barang sesuai pesanan... Pokoknya TOP Markotop buat BukalapakğŸ‘,happy
55, Jempol dach,happy
56,Pertahan kan. Semoga amanah,happy
57,Sangat membantu. Saya kasih bintang banyak deh,happy
58,Mantap untuk pelayanan bukalapak nomer satu,happy
59,buka lapak sekarang pengirimannya cepet beda sma yang sebelah.,happy
60,Aplikasi yang bagus serta bermanfaat trus kembang kan aplikasi y jgn mau kalah sama aplikasi tetangga heee,happy
61,BukaLapak membuatku tidak repot belanja keluar,happy
62,FAMILIAR Mudah pengoperasiannya sayang tdk bisa  untuk searching nama pelapak,happy
63,Sruput aja gak pake lama langsung belanja dibukalapak,happy
64,Bukalapak Bagus sekali karena  ada baju Putri  duyung nya,happy
65,joss bukalapak emang cincaiiiii hehe,happy
66,bagus tingkatkan lagi yah dalam pelayanan nya. Maju selalau,happy
67,Tempat belanja lengkap dan unik. Semua barang yang diinginkan ada dan harganya terjangkau,happy
68,selama ini memuaskan dan tidak ribet part laptop yang saya perlukan tersedia.,happy
69,lumayan lah belanja jadi ngga ribet. Tinggal nunggu dirumah ,happy
70,top bermanfaat bagi semua umat. Semoga pahalanya banyak,happy
71,upgradenya bukalapak makin memudahkan antara pembeli dan penjual. sukses terus,happy
72,Asik Diskon terus kagak takut rugi apa wkw,happy
73,The best. Jual mudah beli pun mudah.. gk perlu risau,happy
74,Kiriman sangat cepat barang sampai dengan selamat tanpa lecet,happy
75,saya tidak pernah mendapatkan serbu seru 12 ribu padahal saya selalu mengikuti serbu seru setiap hari jam 8 13 dan 18 saya beli semua dari dulu sampai sekarang belum pernah mendapatkan serbu seru aplikasi selalu ku update. kok cuma dapat sendal 3. saya lihat di youtube bahkan ada yg sudah mendapatkan serbu seru 3x. saya yg dari dulu gak pernah dapat. bagaimna sih cara pengundian buka lapak. tolong di jawab atau ada tips lain untuk mendapatkan serbu seru dari buka lapak tks admin,not happy
76,Sekarang saldo dari transaksi yang dibatalkan masuk ke saldo DANA dan untuk mencairkan dana ke rekening harus menggunakan aplikasi DANA. Menurut saya ini tidak praktis dan terkesan berbelit2. Belum lagi Aplikasi DANA Hanya memberikan 10x gratis tarik tunai selebihnya akan terkena biaya admin penarikan. Hal ini bisa menjadikan pembeli untuk berfikir 2x untuk berbelanja. dikarenakan akan ada kemungkinan mereka sulit untuk menarik kembali uang hasil pembatalan transaksi,not happy
77,jangan install Bukalapak karena uang refund nanti nya di masukkan ke DANA. kalo mau cairkan uang nya harus instal aplikasi DANA. Aplikasi DANA sangat tidak bertanggung jawab. bagi yg mau install Bukalapak dan DANA wajib baca ulasan bintang 1 nya dulu ya supaya tidak menyesal seperti saya. uang saya dari refund Bukalapak di masukkan ke DANA dan sampai 20 mrt 2019 tidak bisa dicairkan alias diblokir tanpa alasan yg jelas. Ribet dan bertele-tele. ingat ya BACA bintang 1 nya dulu kalo mau instal,not happy
78,"Tanggal 1 maret 2019 sy melakukan pengisian top up saldo namun keliru memasukan nominal top up dari yang seharusnya Rp.1.001.509 tapi hanya Rp.1.000.000 maka transaksi top up gagal namun transferan ke no.rekening bukalapak sudah berhasil senilai Rp.1.000.000,...Maka saya membuka bantuan dan mengisi form & mengirim bukti transferan namun sampai tanggal 11 maret 2019. baik top saldo maupun email tanggapan dari pihak buka lapak tidak ada. Uang saya buat pengisian tidak jelas statusnya",not happy
79,Bintangnya harusnya kosong. Kalau pelapaknya yang bermasalah sih dimaklumi ya ini Bukalapak nya yang bermasalah  masa iya sudah transfer  ada buktinya pun sistem Bukalapak nya bilang Menunggu Pembayaran. disuruh nunggu 1x24jam eh malah order an nya dinyatakan kadarluwarsa uang saya melayang kemana? Padahal ada buktinya. Sampai 1x24 jam pun tidak ada jawaban,not happy
80,sekarang buka dompet nya gak bisa di gunakan lgi buat pembayaran virtual trus bilang nya bisa di top up ke DANA minimal 10000 padahal saldo saya lebih dari 10000 tapi tetep aja gak bisa mana udah capek ngumpulin tapi gak bisa di pake. mending ikut uninstall aja ini aplikasi mana barang dan ongkir nya mahal beda sama aplikasi sebelah yang jauh lebih murah dan ongkir nya jauh banget bahkan bisa sampe  100.000 lebih untuk p. sumatra jasa nya sama aja padahal barang sama jenis nya sama juga,not happy
81,pengembalian dana setalah serbu seru tanggal 13 maret lambat tidak seperti biasa dan kenapa pengembalian dari samsung galaxy s10 harus sandal jepit? walaupun jelas di gambar ada tulisan dan gambar sandal jepit tapi tidak seharusnya seperti itu. ini sama saja menghina pembeli. barang 14jt yang di hargai 12.000 saat penyerbu tidak terpilih malah dikasih sandal. mohon penjelasannya,not happy
82,sale nya kurang ajar deh. jadi kalo mau ikut setelah pilih barang harus transfer tapi kalo dah bayar belom tentu dapet. janjinya kalo g dapet di balikin uangnya tapi uang yg di balikin berkurang 100 rupiah kecil sih tapi banyak yg ikut kan. di tambah lagi uang yg di balikin g bisa di masukin ke tabungan kita jadi terpaksa harus di pake begitu mau di pake Harus download aplikasi dana dulu dan bikin akun lagi kan jadi ribet,not happy
83,aplikasi yang banyak permainan nya dengan kode voucher yg menarik. tapi waktu dipakai error padahal masih pagi jam 7 lewat dicoba terus gak bisa setelah itu jam 9 sudah habis kuotanya begitu terus tiap hari. tidak tahu benar atau tidak penawaran menariknya jangan2 cuma tipuan belaka,not happy
84,Ribet cairin uangnya. Ikut serbu bukaemas refund dana dalam bentuk saldo emas giliran dijual kena potongan jadinya refundnya gak dapat 12.000. Kalau 1 orang kena potongan Rp 500 dikali 1juta orang jadi Rp 500 juta. Ke mana tuh uang ? Saldo di bukadompet gak bisa dicairin dengan alasan saldo minimal. Kalo seandainya 12 ribu dikali 1 juta orang yang mempunyai saldo minimal dan tidak bisa dicairkan total uang 12 milyar jadi uang bingung,not happy
85,ku akan tambah lagi bintangnya kalo sudah mendapatkan verifikasi akun karna selalu gagal meverifikasi akun Dana tidak bisa di buat dan di minta kode otp pun jawabnya sudah kedaluarsa Jadi saldo saya yang ada di buka dompet tidak dapat digunakan Alias mubazir karna setiap mau transaksi selalu diminta untuk memverifikasi akun jawabnya kode verifikasi sudah dikirim ke nomor. Tapi buktinya tidak ada Sungguh sangat kcewa,not happy
86,apa apaan ini? aplikasi sama developernya udah gj ya. mulai ongkir pengiriman yg gak sesuai sama di agen pengiriman. terus dari akun yg gak bisa ganti nomor. padahal mau transfer pulsa. tapi malah sekarang di alihin ke akun dana. sedangkan nomor saya di akun dana nomor yg baru. udah kirim 2x laporan masalah soal gak bisa ganti nomor malah di kacangin. mas developer tidur ya? kalau gak percaya liat di username nugroho dwi ananta. saya masih percaya buka lapak meskipun ada gerakan uninstal kemaren,not happy
87,promo serba 12ribu terus di ikutin tanpa sadar uang di dana mulai habis. bilangnya sih di kembalikan ke dompet tunai atau dana setelah saya telusuri uang saya masuk di budget push up tanpa persetujuan sama sekali. jadi itu tujuannya di buat promo serba 12000 biar orang d paksa pake itu budget push up. gak bisa di cairkan pula lagi tuh uangnya di budget push up,not happy
88,BL makin ngaco nih. Saya merasa dana saya belum direfund penuh dari BL dlm serbu seru. Top up dana saya Rp 200.000 tidak tercatat di histori dana saya di BL. Selain itu setelah balada sandal jepit sekarang BL maksa sepihak dana pelanggan dioper ke promoted push. Pelanggaran ketentuan BL sendiri dimana BL menyatakan akan mengembalikan dana sepenuhnya ke dana bila gagal dalam serbu seru. Ternyata sekarang ada balada promoted push. Beeh ide gk bener sama sekali. Curangi & membohongi pelanggan,not happy
89,update terbaru  tambah Lemot! banyak Fitur pake javascript loading jadi ter mehek2 para Programmer BL bekerja di lingkungan kantor yg notabene pake akses internet kencang (Fiber Optic) sementara Pengguna BL dominan pake 35G/4G yang relatif masih terbatas kecepatan maksimal internet nya.. alhasil semua Fitur di BL jadi mubazir yang ada Lemot alias beban Loading jadi berat,not happy
90,kenapa susah sekali saya mencari barang yg di inginkan dan melakukan transaksi loading nya lama sekali kadang lebih daripada 30 menit padahal kuota internet baru isi.. sudah bertahun2 saya menggunakan aplikasi ini tp baru kali ini saya mengalami kesulitan seperti ini di aplikasi toko sebelah saya tidak ada masalah mencari barang dan melakukan trx kalau pesanan saya sudah tiba dan aplikasi nya masih seperti ini mohon maaf saya harus pindah ke lain hati,not happy
91,Berak sekebon gua udah bertahun thun pake aplikasi ini baru sekarang kecewa. RIBET TRANSAKSI YG DULU BISA PAKAI BUKA DOMPET SKRG PAKAI DANA.dan aplikasi DANA banyak yg mengeluhkan banyak masalah! verifiksi ribet foto ktp dan wajah skrg verifikasi gagal trs karna WAJAH di ktp dan skrg BEDA! JELAS BEDA wajah dahulu dan skrg!!! Tolong kembalikan transaksi dengan BUKADOMPET saja gak usah pakai aplikasi DANA,not happy
92,saat melakukan pencarian barang muncul tulisan tidak ada koneksi dan gagal  padahal di home normal pilih barang yang muncul di home juga bisa tapi saat melakukan pencarian tidak ada koneksi. di cek ntn youtube jga lancar apa yang harus saya lakukan,not happy
93,Aplikasi tai ini bukalapak makin hari apps nya makin kacau pencairan dana dari buka dompet jumlah xxxx langsung dapat email permintaan pencairan di terima pencairan butuh waktu 1x24 jam hingga 2hari uang belum masuk rekening minta bukabantuan sudah di ajukan klik kirim apps nya eror ngak bisa di kirim permohonon kompalain pencairan buka dompet. coba buka WA resmi g ada respon sama sekali lantas ke manakah kami harus mengajukan komplain yg terlalu berbelit belit???? sedangkan apps BUKALAPAK EROR,not happy
94,sebaiknya sempurnakan aplikasi pembatalan pesanan. karena jika pelanggan ad ksalahan transaksi dan melakukan permintaan pembatalan harus menunggu keputusan pelapak dan tetap diproses jika pelapak menolak permintaan pembatalan. jadi kesannya aplikasi memihak ke pelapak saja. sebaiknya contoh shopee bisa langsung dibatalkan jika pesanan belum diproses atau dikirim pelapak,not happy
95,Buklpk makin mengecewakan. 1. Lemot dan makin byak error 2. Bukadompet diganti dana 3. Pncairan uang lwt dana tidak ada pilihan bank 4. Pnrikan lwt gerai dibatasi jmlahny dg skema yg berbelit2. Intinya : tuh duit duit saya hasil penjualan. Kenapa mau ngambil aja dibikin ribet bin ruwet. Dosa km tuh buklpk,not happy
96,Sejak saldo di alihkan ke DANA ko jadi repot mau cairain duit. tolong ya jangan bikin susah konsumen uang pembelian saya gagal. lalu dimasukan ke DANA mau diambil kok dibikin susah. lebih baik kembalikan ke buka dompet. saya nggak butuh app dana,not happy
97,Akhir2 ini belanja di Bukalapak sangat susah bahkan untuk checkout barang sangat lama tiap buka page transaksi ataupun mau transfer sangat lama keluar page nya dam selalu muat ulang sampai saya mau chat si seller juga nggak kekirim padahal koneksi internet saya bagu,not happy
98,saya kecewa bnget dngan aplikasi ini.saya coba ikut undian serbu hasilnya mleset tp maslahnya uang saya gak di kembalikan malah di ganti sandal jepit. saya sangat kecewa dgn aplikasi ini. saya gak ikhlas uang saya di ganti dgn sandal jepit. klo trus2an menipu kyak gni. jgan harap aplikasi ini maju,not happy
99,nah gini dong min kan sama2 enak orang yg ikut serbu seru juga ga pada kesel kalo dananya dikembalikan dalam bntuk saldo buka dompet jgn di kembalikan dengan bentuk barang yg belum tentu semua orang suka ya sekalipun di ganti barang setidaknya para penyer,not happy
100,proses komplain sekarang terlalu berbelit belit gak kayak dulu. Barang belum diterima tapi nunggu dikonfirmasi 1Ã—24 jam dan gak ada solusi lanjutan. Bagi saya sekarang Buka lapak kurang melindungi customers dan kebanyakan nyari untung doang. Aplikasi yg sekarang loadingnya lama,not happy
101,Aplikasi PENIPU. Yg blm download gak usah download. Masa uang serbu seru gak di refund malah diganti sandal jepit. Dicancel gak bisa. Katanya uang dikembalikan 100%. DASAR PENIPU. Kirain sy aja pas liat review lain ternyata byk yg kena TIPU jg. CURANG!! UNINSTALL AJA SEKARANG,not happy
102,Kecewa dengan bukalapak duit sdh dibalikin karena lama diproses sama penjual krena terlambat input no resi tau2nya udh dikrm aja brgnya sama penjual. Jadi mesti transfer manual ke penjualnya memangnya itu dibolehin sama bukalapak? Kalau misalnya pembeli tidak mau bayar maka akan ditindak sama BL tapi kalau mau komplain soal brgnya tidak sesuai bagaimana,not happy
103,Akun saya dinonaktifkan tdk tahu apa sebabnya sampai skrg tidak bisa login pakai no hp sendiri pakai aplikasi Messenger jg tidak direspon pakai gmail jg tdk ada jawaban bagaimana ini? saya masih punya dana di buka dana dan buka dompet tp tdk bisa transaksi.Mohon infonya,not happy
104,Ternyata saldo tdak bisa di satukan dana ke buka dompet atau sebalik ny. Harap di perbaiki team buka lapak agar aplikasi lbih ok. Saya berharap saldo dana buka dompet dan crediit bisa menjadi 1 ntuk metode pembayaran. Udah di update malah makin buruk,not happy
105,dana refund serbu serunya lama di balikin jadi gak bisa ikutan di sesi berikutnya jadi malas gua nungguin nya. terus udah serbu Banyak toh juga gak pernah dapat meleset semua setelah di update makin lama balik dana refundnya.. Bukalapak tolong di perbaiki lah dana refundnya agar cepat di bal. Ulasan Lengkapdana refund serbu serunya lama di balikin jadi gak bisa ikutan di sesi berikutnya.. jadi malas gua nungguin nya.. terus udah serbu Banyak toh juga gak pernah dapat.. meleset semua setelah di update makin lama balik dana refundnya. Bukalapak tolong di perbaiki lah dana refundnya agar cepat di balikin,not happy
106,Maaf min kok saya ga pernah beli bukareksa tapi tau2 beli otomatis sama sistem emng sih refund tapi refundnya ke credits nanti tau2 hilang aja credits kasusnya sama kaya refund serbu credits ilang begitu aja padahal ga transaksi apapun tau2 ilang meskipun sedikit tapi jangan gitu caranya cari uang masih enakkan marketplace sebelah,not happy
107,setelah update saya mengalami kendala. selalu tidak bisa mencari barang dengan keterangan koneksi buruk. saya keluar dari aplikasi BL dan buka aplikasi lain berjalan dengan normal bahkan game online pun tak bermasalah dengan koneksi (game online butuh jaringan stabil). tolong penjelasannya admin,not happy
108,Kecewa saya isi saldo Dana Rp 50 rb. Terus saya ikutan acara SerbuSeru. Disitu perjanjian nya kalo kita tidak terpilih Dana akan dikembalikan. Tapi nyatanya saya ikut pertama kali aku belanjain semua saldoku dan aku kurang beruntung. Tapi Dana nya yg kembali cuma 46 rb aku coba lagi ikut dan kembali lagi Dana yg dikembalikan cuma 36 rb. Mohon penjelasan nya,not happy
109,verifikasi data pribadi brapa lama ya? keterangannya 1 sampai 5 hari kerja tapi sudah sebulan saya input foto diri dan ktp masih saja di sruh tunggu dgn ketrangan 1 sampai 5 hari kerja. apa 1 hari kerja di bukalapak itu sama dengan 1 bulan ya? Payah,not happy
110,2 transkaksi pakai gojek grab same day dana balik kepembeli padahal barang sudah dikirim p3mbeli dichat brang dah sampe tapi status transaksi malah dana balik komplen ke CS harus cek dlu cek dlu apa harus di iklasin dana 850 rbu makin kesini makin ga nyaman jualan di BL dana sering balik ke pembeli penanganan kasus lama selesainya,not happy
111,hati hati banyak kebijakan bukalapak yang gak masuk akal contoh nya saya beli barang warna biru di kirim item saya minta ganti barang malah saya yang harus nanggung ongkir padahal udah jelas kan yang salah pengirim nya malah minta lagi ongkir. Sial,not happy
112,ternyata bukalapak memberikan respon mengenai refund sendal jepitalhamdulillah uang refundnya dibalikin di buka dompet (Rp 12.000+Rp 2.000+2 sendal jepit)terima kasih bukalapaksukses selalu dan tuk konsumen lain silakan memberikan bintang 5 buat kesuksesan bukalapak dan UMKM indonesia,not happy
113,Buka lapak makin lama makin lemot.!! untuk upload gambar nya gagal terus knp sehh ane pengen jualan jdi ga bisa bisa bikin kesel banget makin lama.!! Kalo kaya gini trs gw bakal hapus nehh aplikasi,not happy
114,tolong perbaiki akun saya dulu nanti saya jadikan lima bintang masa beberapa hari yang lalu bisa transaksi tiba2 sekarang tidak bisa sya juga tidak bisa konfirmasi barang kasihan pelapaknya ditambah saya harus log in log in kemanaaaaaa? tolong tambah fitur chat langsung dan tlp dg operator biar tidak ribet menghubungi pihak bukalapak trimakasih,not happy
115,saldo si dompet dari pengembalian dana tidak bisa di pakai. kalau mau ikutan serbu harus pake virtual acount. padahal saldo di dompet masih ada. dan kalau mau ikutan serbu harus transfer ulang lagi .tambah repot,not happy
116,"Bukalapak itu toko online yang bersahabat buat konsumen buat persaudaraan karena banyak kejutan banyak surprise dan barang yang di jual itu pasti berkualitas yang bisa di percaya.  go go go Bukalapak terus berjaya thank, akan tetapi ngeselin saldo bukalapak saya makin berkurang karena ikut serbu uang ada yang tidak dikembalikan payah nggak jelas banget",not happy
117,dari kemaren malem buka app cuma loading2 aja kirain karna belum di update tapi setelah di update sama aja malah bilang kalau koneksi internet gak ada nyoba buka app lain jalan normal biasa dan ada internet.kalau sampai besok masih kaya gini sih ya terpaksa uninstall.lha gak bisa dibuat buka apa2.isinya cuma bunderan kecil yg muter2 terus,not happy
118,Refund nya ke BukaDompet dong! supaya bisa ditarik atau utk ikutan lagi. dana saya 48 ribu masa mau dibalikin sandal jepit semua? kalau ada aturan baru kasih pop up notifikasi spy customer bisa ambil keputusan mau ikut atau tidak! waktu awal promo serbu seru di 1212 Desember 2018 refund nya ke BukaDompet kenapa tiba-tiba sekarang jadi ada alternatif refund ke BukaEmas BukaMart dan Budget Promoted Push. JANGAN AMBIL KEPUTUSAN SENDIRI DONG! BALIKIN SALDO BUKALAPAK SAYA SUPAYA BISA SAYA TARIK,not happy
119,dana dr serbu yg meleset knp masuk nya ke bukamart dah gitu otomatis dibelanjakan ke barang yg gak saya pilih yaitu sandal jepit emang nya pihak pelapak atau apk tau ukuran sandal buat saya hahaha. padahal saya sudah batalkan krn saya gak butuh sandal itu tp kenapa pembatalan di tolak berarti ni pemaksaan sepihak. knp mengecewakan pembeli,not happy
120,saldo saya Rp.18.000 setelah mengikuti undian serbu beberapa kali saldo saya memang dikembalikan.tapi sekarang saldo saya tinggal 4000.memang bukan uang yg banyak tp jika dikalikan ribuan orang yang seperti saya maka nominalnya sangat besar yang sudah ditilep oleh bukalapak.saldo juga susah dicairkan.aplikasi yg mengecewakan karna programnya adalah penipuan. uninstallbukalapak,not happy
121,"Dear Bukalapak udah sekitar 3 hari ini (dari saya buat tulisan ini) app bukalapak error. sebelumnya lancar gda masalah.. cuma kemarin terjadi erro dgn ket kurang lebih ""anda harus log in dulu atau periksa konekai jaringan"" padahal sudah jelas posisi saya sudah log in dengan akun saya. saya ga pernah log out sebelumÂ²nya saya pikir ini masalah app yg harus di update setelah di update tidak ada perubahan. masih tetap error. untuk bukalapak tolong segera menyelesaikan masalah terkait. Thks",not happy
122,Saya ikut serbu seru dan gak pernah dapet. beberapa kali klik beli emas ternyata uangnya gak direfund melainkan masuk program Buka Emas yang syarat pencairannya harus beli emas dlu.. Hedeh.. Ternyata banyak yg merasa tertipu spt sya,not happy
123,aplikasi kampret mau ngubah nomor DANA gak bisa Mau tarik saldo DANA gak bisa juga di suruh upgrade melulu padahal sudah download aplikasi terbaru DANA niat gak sih ni bikin aplikasi? klo niat jangan bikin aplikasi kacang gini dong!! jancookk!,not happy
124,Bukalapak dulunya memang bagus tapi sekarang gara-gara buka dompet di alihkan ke bukadana membuat semua transaksi jual pulsa pulsa listrik & bayar listrik jadi prosesnya lama. saya isi pulsa pelanggan pun jadi lama terisinya dan banyak yang datang komplain ke saya gara-gara pulsanya belum masuk karna proses yang lama dari bukadana. selain itu juga ketika saya MENAMBAH SALDO BUKADANA yang ada saldo BUKADANA milik akun saya butuh 20 menit sampai 2 jam baru terisi. SAYA LEBIH SUKA BUKADOMPET,not happy
125,Saya kecewa sama aplikasi Bukalapak masa uang saya setengah juta di pindahin di dana padahal dananya itu belim di kasih nomor apapun eh tiba2 malah yang di taro nomor kadaluarsa bukan yang di kaitkan sama Bukalapak kecewa berat saya tolong di perbaiki supaya tidak ada kejadian ini,not happy
126, Respon komplain dari cs bukalapak lambat. Saya support bukalapak karena komitmen ceo nya untuk menjadikan bukalapak startup anak bangsa. Tapi kalo kualitas customer supportnya kayak gini ya gimana pengguna mau support! Apa harus ikut2an tagar yang sempet jadi TT?,not happy
127,saya kecewa sama Bukalapak kenapa dana saya tidak refund padahal saya ikut serbu seru dana saya dari yg 34000 tinggal sisa 5000 padahal Bukalapak selalu jadi prioritas saya kalo belanja online dan utk ini saya kecewa sekali,not happy
128,pengembalian dana serbu seru lambat dan dana banyak yg berkurang. tidak sesuai dengan yg dijanjikan. skrg buka lapak udah jadi tukang jual sendal jepit. janganlah mengecewakan pelanggan. online shop banyak. kalau caranya gini semua pada kabur ke online shop yg lain. TQ bisnis yg licik,not happy
129,hari jumat tgl 14 maret saya order tanpa login (quick buyer) gigi pengantar starter klx s uang sudah saya transfer + ongkir katanya 3 hari barang sampai tapi sekarang barangnya blm saya terima bukti transfernya ada,not happy
130,semakin di update ternyata semkin tidak singkron dengan browser dan BL. padahal sebelumnya jika ketemu barang di browser langsung bisa terarah otomatis ke app BL tanpa melalui Playstore. sekarang malah mengarah ke Playstore terus & setelah klik buka/update ternyata di app BL hanya tampilan menu Home bukan langsung mengarah pada barang yang di temukn di browser tadi,not happy
131, Kenapa saya mau buka menu transaksi selalu ada notif harus masukan akun dulu.Padahal akun saya sudah masuk. Saya tidak bisa melihat barang yang sudah saya beli atau melihat sudah sampai mana barang saya. Tolong perbaiki aplikasinya. Karena ini aplikasi lama lama sudah menjekelkan,not happy
132,Duit gw 1x dulu di makan Bukalapak 500 ribu lebiheh sekarang yang ke 2 saya mau narik 240 ribuan lebih akun malah di bekukan. sy komplain eh bukan nya di tanggapin ato di respon malah di biarin aja. Hebat...sekali apliksi ini,not happy
133,di kurangi .. cuma kasih 1 bintang. sekarang mengecewa kn. .. di serbu seru credit smpe sisa rp 120 tadi nya ada 4800 krna ikut serbu seru tak di kbalikan ke saldo ataw ke credit menang terpilih belum. koin daily giftbox di kumpul kumpulin abis karena serbu seru janji di kbalikan sampe sekarang tidak ada sampe abis. terus pake cara transfer BRI 15ribu tidak terpilih di serbu seru sampe sekarang tidak di kembali kan. cina penipu licik. KECEWA BESAR,not happy
134,"KECEWA BANGET bukan cuman kuota yg ilang tapi uang juga. udah di transfer di alfamart terdekat ada bukti struk nya juga tapi blm ada konfirmasi barang udah d bayar sts nya masih menunggu di bayaran. komplen ke bl nya di suruh nunggu 24 jam batas barang harus d bayar nya juga ga sampe 24 jam. btw makasih bukalapak uang jajan ane yg susah payah di kumpul"" see you ntah ke mna",not happy
135,gimana nih bukadompet katanya pindah ke dana. tapi kelebihan transaksi (kode pembayaran) masuk nya ke bukadompet. mau beli emas juga begitu. klo pakai bukadompet bisa beli emas nominal 600 dengan Dana harus 10.000. klo Dana enggak sama dengan Bukadompet balikin aja ke bukadompet kagak usah pakai Dana nyusahin yang punya akun,not happy
136,tolong aplikasi di perbaiki...udh download aplikasinya tp g bisa upload barang dagangan lewat aplikasi...udh laporan sama CS malah di suruh upload pake komputer dan lewat website...apa gunanya saya download aplikasi ini ? sudah lama masalah ini g di bener benerin...tolong lah biar saya mudah jualannya saya udh beli paket push dan berlangganan premium akun tp kalau masalah ini g fix fix gimana mau jualan terima kasih,not happy
137,woyyy BL kampret! lu punya tim creative bocah semua kali yak? bangke. klo bikin inovasi yang bner ngapa. g usah aneh2 lu. cek transaksi klik menu nego g bisa dibilang harus log in dlu. oi BL kampret akun BL w itu slalu log in g prnah di log out. ini w cri menu log in aja g ada adanya log out. brarti kan akun w msh log in. bangke lu. kalo punya tim jgn rekrut bocah labil makannya. biar g error aplikasi lu. ksni2 mkin parah BL g jlas,not happy
138,"sorry bintang nya aku hapus 2setelah di updatemalah berat buka aplikasi inisekedar cari barang aja loading nya lama bangetujung2nya muncul tulisan ""periksa jaringan internet anda ""pdhal aku pake telkomsel. dlm sebulan ini aja aku gk pernah lagi belanja di bukalapakbarang yg aku cari gagal kebuka selalu jaringan error",not happy
139,"berasa di tipu saya bgst. kmren order gada vertifikasi. di komolain baru uang di balikin. itu juga nunggu seminggu. giliran di balikin uang gabisa di pake. jelas"" no sy sdh tdk aktif. gk bisa vertifikasi. uang 320000 dimakan setan bgst. asuu",not happy
140,bukalapak para pelapak nya banyak gak profesional  transaksi sudah 3 hari belom di kirim jga  masa masih di bela kalau iya bukalapak bagus pasti respown nya bagus  saya coba buka bantuan masih berbelit belit saya minta refund masih aja di bela si pelapaknya,not happy
141,"Kenapa ya sudah berapa kali saya menginstal aplikasi Bukalapak ini kenapa selalu ada notifikasi ""Tidak Bisa Menginstal Aplikasi Bukalapak, Tidak Bisa Berfungsi dan Lihat Cara Umum""! Bagaimana ini kenapa nggak bisa di instal sudah berapa kali tadi saya instal dan sempat juga buka aplikasinya tetapi ""Bukalapak telah berhenti"" kemudian saya buka lagi ""Aplikasi tidak terinstal"" dan nggak bisa di buka mohon reponnya terima kasih",not happy
142,"Hati-hati untuk pelapak yg nilai harga barangnya besar, karena uang hasil penjualan ditahan Bukalapak, tanpa alasan yg jelas",not happy
143, tidak bisa di retur gara gara fitur klaim perlindungan barang. Barang rusak mau retur malah di tolak klaim perlindungan barang. ,not happy
144,Aplikasi tai dulu aplikasi tidam seperti ini saya sangat kecewa dengan aplikasi ini sudah 2 kali transaksi..,not happy
145,NGGA TAU lagi sama bukalapak!,not happy
146," Kacau, sangat merugikan, saya yang tidak tahu apa-apa tiba tiba bukadompet saya dibekukan, hanya karena saya melakukan transaksi ke pelapak yg jelas jelas diijinkan berjualan di bukalapak,",not happy
147,Sangat kecewa dengan bukalapak .saya sudah lama pake apl ini .tp respon sangat mengecewakan salah top up dana yang tadi nya 100.066 jadi 1.000.066 dan sangat susah untuk mencairkan uang kembali.,not happy
148,Sekarang bukalapak makin ga nyaman.. Fitur makin byk tapi ga bisa dibuka walaupun apk udh di update.. Sistem selalu error.. Udh ga usah fitur yg aneh2.... Yg penting mah banyakin voucher dan bisa dipake.. Voucher byk tpi ga bisa di pake pdhal ketentuan nya sudah di ikuti,not happy
149," Aplikasi yg sgt mengecewakan! Sy mencoba jasa ulasan sebesar 24.500,sy memilih sekali beli. Namun tdk.mendapatkan manfaatnya sama sekali malahan dibulan berikutnya tnp ijin dr sy,",not happy
150,Buat kalian yang belom pernah belanja di BukaLapak.. gue saranin jangan sebelum terlambat.,not happy
151, Aplikasi bobrok Beli barang tgl 7 barang datang tgl 11 langsung cek barang ternyata rusak langsung komplen sampai tgl 15 tidak bisa masuk ke komplen cz cuma bilang tunggu email terus dan bantu follow up Dan sampai saat ini balasan yang saya dapat sama,not happy
152,Csnya gimana sih ini bukalapak ngga becus ,not happy
153, saya kermarin di tipu oleh pelapak . saya sebelum memesan chat dulu sma pelapak . dan pelapak menjawab barangnya ada komplit. dan ternyata yg datang ukuran tidak sesuai .. saya kecewa ,not happy
154,Udah 4hr voucher yg di dapet masih ga bisa di pake.. terus bemefit pengiriman juga sama.. keterangannya maaf voucher ga bisa di gunakan di lapak ini... hadeuuuhhh.,not happy
155," Saya top up e-money kok ga masuk-masuk, padahal dulu lumayan cepet, giliran pake pas urgent ga diproses sampe berhari hari, dan sampe sekarang uang nya ga jelas lari kemana, apa bs di refund? Respon komplain aplikasi ga membantu sama sekali. Semoga berkah",not happy
156,di Terima karna barang nya rusak.... Sangat kecewa dengan aplikasi ini,not happy
157,Tolong segera kembalikan uang saya...!!!!! 3hari yg lalu saya pagi melakukan pembayaran transaksi melalui indomaret tp sampai malam harinya belom terverifikasi. ,not happy
158,Dari dulu emang susah pesen dibukalapak hmm,not happy
159,"banyak masalah, banyak eror di aplikasi nya. transaksi banyak yg gak di proses. ngaco! #uninstallbukalapak mending d marketplace sebelah lah, duit stuck di pihak ke 3 gini. klo d yg lain normal2 aja perasaan",not happy
160,Aplikasi marketplace paling banyak penipuan online yang pernah saya temukan terutama untuk alat elektronik tolong sering dimodererasi iklan iklannya banyak yang toko fake dan duplikasi iklan yang sama di berbeda toko,not happy
161,Tolong dibenerkan aplikasinya. Banyak pelapak penipu,not happy
162,"Kecewa ,SANGATTTTT KECEWAAA!! utk kategori barang pengguna Vape tidak ada (dihapus) semua kata kuncinya. Dari luquid, rda, dll.",not happy
163," Makin lama makin nyebelin, sumpah. Mulai paket yang slah alamat dan dana ga bisa kembali, serbu seru, tinju-tinjuan, gosok kupon. Itu hanya trik buat ningkatin pendapatan tpi merugikan konsumen.",not happy
164,tolong penjelasannya. saya selalu ikut serbu seru bukalapak. dari dana saya 39.000 sekarang kok jadi 15.000 kemana saldo saya sisanya. katanya kalau meleset dana akan di kembalikan. dasar penipu...,not happy
165," pesan barang sampai sekarang belum sampai, padahal estimasi waktu sampai seharusnya sampai senin 4 maret tapi sampai rabu belum sampai",not happy
166,"Verifikasi hp tp kodenya ga dikirim2. udah berulang kali coba gagal karena ga dikirim2. Minta bantuan BL cuma adanya FAQ, ",not happy
167,pelayanan customer service mengecewakan sekali . padahal semua dokumen yang di butuhkan sudah saya kirimkan . masih aja susah.,not happy
168,..padahal udh transfer...payah.udh konfirmasi lewat email jg gk ada respon..jangan terlalu banyak minta maaf tapi perbaiki,not happy
169," buruk sekali aplikasi ini, beli pulsa gak masuk masuk, dikomplain tdk respon, sdh 2x, ikut flash sale uang gak kembali, cek saldo tdk bisa, katanya internet error, belum login, padahal internet nyala, wifi, PARAH",not happy
170,"saya mesen barang dari hari minggu,selasa baru di proses.sampe hari ini (kamis 21 maret 2019) barang masih proses shipper di madiun.nama saya jadi buruk di customer saya",not happy
171,"Serbu refund lama sampai sekrng belum di refund, bukan milih emas bukan milih samsung, dulu kendalanya gini juga udah gak pernah dapet, mw komplin di aplikasi susah adanya bantuan bantuan, tapi gak ada kolom komplin, serbu serbu apa nipu nipu??",not happy
172,dana serbuseru HILANG TIDAK DI REFUND sya cek di riwayat tidak ada tulisan meleset or terpilih riwayat hilang bgtu saja seakan saya tidak ikut serbuseru trb dan live chat dgn CS yg gobl*k main end chat tnp beri kejelasan sama sekali.SBG PENGGUNA BL SAYA KECEWA!!#UNINSTALL BUKALAPAK!!!,not happy
173,JANGAN INSTALL BUKALAPAK SUMPAH JANGAN!!,not happy
174," Bukalapak emang anjinggg, pesennya kapan belum sampe2 barangnya",not happy
175,sangat kecewa dengan bukalapak... uang saya di tahan sampai 2 minggu... sampai habisin waktu dan pulsa untuk komplain ke cs ataupun support.,not happy
176,"semenjak di update malah jadi menurun, sudah 2 kali pembayaran sy dianggap kadaluarsa, dulu cinta bgt saka BL krn sistem konfirmasi pembayaran tercepat tanpa upload dan ribet2, tapi sekarang sering pending dan kadaluwarsa, tolong perbaiki karna itu sangat sangat menyulitkan kita disaat butuh barang",not happy
177,buka lapak makin jelek deh masak uang ada di buka dompet dialihkan ke dana gimana tanggung jawabmu..,not happy
178, saya paling kesel karena jasa pengiriman nya paling lama tolong dong mitra bukalapak jasa pengiriman nya jangan terlalu lama kasian yang beli sudah nunggu sampe 2 hari belum datang datang tolong mitra bukalapak minta pencerahan sama jasa pengiriman nya biar senang sama pembeli nya jasa pengiriman ny...,not happy
179,"Tidak pernah merasa beli sendal jepit swallow, tbtb saldo dipotong dan membeli barang ga tanggung tanggung langsung beli 2 pasang sendal jepit ??? mohon penjelasannya",not happy
180,gilaa di bukalapak ganti nomer aja setengah mampus susahnya..padahal gw udah belanja di sini puluhan kali..nomer yg lama mati karena kelamaan nggak di pake..gmna solusinya dong bukalapak..udah kirimin fto ktp dan buku tabungan padahal..tpi kaga bisa2 juga..,not happy
181,Aplikasi tai dulu aplikasi tidam seperti ini saya sangat kecewa dengan aplikasi ini sudah 2 kali transaksi... transaksi pertama padahal sudah di bayar tapi sistem masih menentukan penunggu pembayaran dan akhir nya kadaluarsa trus pembayaran ke dua saya mencoba kembali dan akhir nya sama seperti hal .,not happy
182,"Dear buka lapak, gw ikut serbu seru sponsored by dana, dan udah lewat 1 bulan barang gak datang juga. Gw dah email, dah life chat, email gak pernah di tanggapi, life chat cuman bilang ""tunggu sebentarya kak kami cek dulu"".",not happy
183,Sangat kecewa dengan bukalapak .saya sudah lama pake apl ini .tp respon sangat mengecewakan salah top up dana yang tadi nya 100.066 jadi 1.000.066 dan sangat susah untuk mencairkan uang kembali.pengajuan komplain saya sudah dari tanggal 6 Oktober 2019 dan sampe sekarang blm ada respon yg baik ,not happy
184,Sekarang bukalapak makin ga nyaman.. Fitur makin byk tapi ga bisa dibuka walaupun apk udh di update.. Sistem selalu error.. Udh ga usah fitur yg aneh2.... Yg penting mah banyakin voucher dan bisa dipake.. Voucher byk tpi ga bisa di pake pdhal ketentuan nya sudah di ikuti,not happy
185,"kasus 27 september sampe hari ini 15 oktober blum kelar,barang tidak di kirim padahal sudah tf,pengembalian nunggu lama,sudah dikembalikan malah dibekukan,sudah minta syarat data ini itu tapi masih blum dikembalikan dananya,mau nipu.?",not happy
186," Sangat mengecewakan menurut saya, respon customer service lama sekali, hasil penjualan tidak kunjung masuk rekening ... barang saya sudah diterima buyer tapi saya belum terima uangnya... maksudnya apa?",not happy
187," punya 34 voucher dan kalo pake kode SUPERJT, KIRIMJT, ONGKIRDANA dll semuanya ga bisa digunakan,,setiap kali masukan vocer dan kode itu selalu tulisannya ""maaf vocer tidak bisa digunakan di lapak ini""",not happy
188,"Tolong utk pihak bukalapak diperketat lagi utk menjamin keamanan bertransaksi bagi customer nya, termasuk saya yg sudah di tipu oleh pelapak dgn nama ikke jenner di bukalapak Saya sudah dirugikan sebesar 2,4 jt",not happy
189,"Cashback tidak dapat selalu dengan alasan penyalahgunaan promo, tapi tidak dijelaskan kenapa, tidak seperti di to******ia dijelaskan secara fair dan gamblang. Perbaiki lah sistemnya",not happy
190,"Respon pengaduan sering gak d respon , kecewa , saya kena tipu di bukalapak , tapi tidak ada tindakan sama sekali. Kecewa berat , saldo di blokir dan tidak ada bantuan sama sekali dari pihak bukalapak",not happy
191,bukalapak emang cincai babi lah aplikasi apaan!,not happy
192,Bukadompet saya dibekukan dan saya tidak bisa menarik dan menggunakan saldo saya untuk bertransaksi... mohon tanggapannya... dana saya sudah hampir 1 minggu ditahan dan ini sangat mengganggu pekerjaan saya..,not happy
193,"kok bukalapak ngga bisa buat login ya, padahal sinyak bagus. Tolong diperbaiki ",not happy
194,udah lah mending pindah ke yag lain aja males bukalapak,not happy
195,"Hati hati dengan promo cashback. cashback nya nggak masuk,compalin dibilangnya penyalahgunaan voucher. Padahal penggunaan voucher sudah benar sesuai dengan kolom voucher pas transaksi.",not happy
196,"Beli token listrik 2 kali transaksi di hari yg sama dengn metode pembayan transfer virtual acount, sudh ditrasfer dgn nominal yg disebutkan, status pembayan belum dibayar sampai status pembayarn kedaluarsa, sy komplaint dibuka bantuan,, sampai detik ini tidak ada respon.. duit sya dimakan bukalapak....",not happy
197,"makin parah makin ribet dan makin gak mutu, aplikasi lemot sering force close, fitur fitur ada yg macet, pembayaran kadang tidak dikonfirmasi, pencairan dana ntah ilang kemana",not happy
198,"sy sebagai pelapak sngt dirugikan. pencairan dana dari bukadompet ke rekening bank lamanya minta ampun, sy komplain cs tidak ada respon dan koordinasi sm sekali. sudah hampir 2x24jam sejak sy memproses pencairan dana ke rekening bank. transaksi pending, susah cair. sngt menghambat aliran dana ",not happy
199,Bukalapak bukan lagi aplikasi pilihan.... bukalapak akan terus tertinggal pelanggan setianya karena tidak adanya sistem pembayaran yg lebih baik untuk pembeli,not happy
200,Saya sebagai penjual merasa tidak adil karena tiba2 produk yg saya jual kena tim police. Padahal produk tersebut sudah ada AKL nya malah seenaknya di block apa karena ada campur tangan pihak tertentu (official store) sehingga penjual lain d blokir. Lama2 Bukalapak jadi menurun performanya,not happy
201,Sedikit Kecewa dengan bukalapak kenapa yg di gandeng aplikasi dana.. Kenapa bukan ovo/ gojek harap dijadikan masukan saja. Soal nya lebih berkwalitas & profesional sedangkan dana tidak ( pengalaman pribadi ) terima kasih,not happy
202,bukalapak kurang komplit,not happy
203,Buka bantuan lemot dan tidak ada penjelasan untuk konsumen. ,not happy
204,"Sy mau daftar investasi reksadana, tidak bisa terus, katanya no rekening salah, padahal sudah benar, dan sy sudah DM bukalapak via instagram dan jawabannya suruh pake no rekening lain, hadehhhh parahhh",not happy
205,"ini jualan di bukalapak malah duitnya dimbil sama bukalapak, ",not happy
206," Hati-hati Saya mengalami kehilangan akun. Setelah update... Akun ke logout sendiri... Sedang itu akun lama sekali, saya sudh lupa id nya. Tapi ada 2trx yang saya sudah tf namun (belum diproses) belum ada resi. 2trx di lapak yang berbeda. Ntahlah jika pesanan tidak dikirim",not happy
207,"Sya baru saja coba top up ke dana lewat bklapak.setelah sampe dimasukin no virtualnya trus jmh saldo yg akan ditransfer setelah saya tkan y muncul nya kaya gini "" pilihan rek tujuan tranfer anda slah / tdk dikenal ""dan itupun trjadi berulang kali Gmn ini solusinya min?",not happy
208,"Jangan mau belanja di BL lg,saya beli pulsa 50k uang sudah di transfer tapi pulsa tidak masuk,complain juga tidak ada respon,saya sudah sering belanja di BL tapi baru kali ini saya dikecewakan,saya minta uang saya kembali",not happy
209,"hati2 yg mw transaksi Aplikasi penipu, aplikasi maling duit, dgn motif datas",not happy
210,Pihak Bukalapak pada ngga bener nih masa ngga bisa topup,not happy
211,Saya memesan barang yang harganya sangat mahal tapi tidak diproses. Terpaksa saya membatalkan pemesanan dan uang dikembalikan menjadi saldo,not happy
212,merugikan sekali bagi pelapak,not happy
213,Saya ngga bisa topup pulsa dan lain2 kenapa,not happy
214,nyesel deh install bukalapak! kembaliin kuota saya,not happy
215,"Baru beberapa hari yang lalu update, sekarang minta update lagi. ğŸ˜‘ Bela2in unistall apk olshop lain demi ini. Dari dulu beli apa2 pake BL. Sekarang, pas komplain barang gak sesuai, tetep aja si pelapak gak mau ganti",not happy
216, Kenapa bukalapak sekarang jadi lebih lambat dalam respon pembeli ? Tadi saya beli paket data biasanya jarak 5 menit dari pembayaran udah sampai ini udah 4 jam lebih loh belum ada Ditambah chat komplain kecewa,not happy
217,aplikasinya suka forceclose sendiri aneh,not happy
218,Pelayanan buruk.saya komplain tapi ga pernh di respon.saya salah trf.pesan satu tp trf 2x.saya komplain di aplikasi buat minta tolong tp gapernh di respon,not happy
219,"Kurang nyaman akhir akhir ini, saya telah tertipu oleh phising dan saya coba mnghubungi cs BL tapi mana gaada solusi cuma buangÂ² waktu suruh nunggu 2x24 jam. Uang saya hilang ,barang gaada",not happy
220,"Makin lama makin gak mutu! Ada 20 voucher belanja dan potongan ongkir tapi gak bisa digunakan. Ada keterangan ""tidak berlaku untuk pelapak ini"" padahal di ketentuan promo tidak ada syarat klaim keterangan seperti itu",not happy
221,"Punya 12 Voucher Semuanya ga bisa dipakai, sudah dicoba di bukamall di superseller ttep gabisa, sudah update apk ttep gabisa, padahal sudah sesuai syarat dan ketentuan ""voucher hanya bisa digunakan untuk tipe akun tertentu"" terus ngapain akun gw dpt voucher? Pdahal dulu ga gini",not happy
222,Tolong segera kembalikan uang saya...!!!!!  :(,not happy
223,niat mau jual malah ngga dapet untung. MALAH RUGI :(,not happy
224,"Bukalapak lemot bukan main, padaahal buat game jaringan bagus",not happy
225,banyak kecewa sama e-commerce satu ini. Mending shopee dah,not happy
226,mantap deh bukalapak ğŸ˜,happy
227,Keren Mantap,happy
228,Puas sama pelayanannya,happy
229,Tingkatkan lagi bukalapak ;) versi 3.3.4 menemukan bug yaitu tentang error pada saat mau menyimpan gambar di app BLnya om zaky ;),happy
230,Seeppp MAntap,happy
231,Respon cepat. Barang terjamin. Banyak pilihan. ğŸ˜‚ğŸ˜˜ğŸ˜˜,happy
232,Teruslah menjadi fokus utama kepada pelanggan,happy
233,Nice Lapak,happy
234,Bagus tingkatkan pelayanannya bukalapak,happy
235,Bukalapak mantap Jiwa Berbelanja kini di mudahkan.. Berkat berjualan di bukalapak kini penghasilan Bersih ku 10jt-15jt perbulan .. Trimakasih bukalapak,happy
236,Coba ajah bukalapak kali ajag bagus,happy
237,On time... pengirimannya,happy
238,Mantap Moga sukses buat crew BL,happy
239,Ok Toko online yg verifikasi pembayarannya cepet,happy
240, Bagus Sangat membantu para UKM.. terimakasih bukalapak,happy
241,sangat memudahkan untuk mencari kebutuhan kita.,happy
242, belanja murah & mudah say,happy
243,Dah mulai oke lg nih jd bintangnya aq ksh 5,happy
244,Pelayanan untuk konsumen harus diperhatikan lagi dan jual barang yg berkualitas dan pilih pelapak yg banyak aneka jual barangnya bagus itu saja dan barang kadang lama sampainya mengenai pengiriman barang harus nb cepat sampai itu saja saran saya trimks,happy
245,"Mantap pokoknya ini mah...kalo gak salah ini satu-satunya aplikasi belanja online yang pendirinya asli Indonesia.. Kalo lagi males gerak,Belanjanya di buka lapak aja .. ğŸ˜€ğŸ˜Š",happy
246,Terimakasih bukalapak. Lain kali ga usah aneh aneh ke politik ya ntar gw getok. Kita kita ini buyer setia. Saya sengaja milih Bukalapak daripada yang lain karena cinta produk dalam negri ğŸ˜„,happy
247," berbelanja paling aman/nyaman, melengkapi semua kebutuhan.mudah dalam transaksi.informasi cepat apabila ada penjua/akun tidak resmi. sangat membantu dalam segala hal.",happy
248,"Mantap ,tapi ongkir nya mahal2 nii ,klo bisa bebas ongkir donk belanja tanpa minimum...biar pesaing nya kalah smua dan pindah belanja ke buka lapak smua nya, ....pasti itu ,klo free ongkir niii...ğŸ˜ğŸ˜ğŸ˜",happy
249," Terima kasih atas tanggung jawab dari pihak bukalapak.. Kemarin proses d batalkan ,uang tidak jelas akhirnya saya komplain skarang sudah balik ke saldo",happy
250,fast respon dalam menanggapi pengaduan customernyağŸ‘,happy
251,Saya beri 5 bintang sebagai ucapan terimakasih untuk kepuasan layanan dari Bukalapak dan sebagai point plus plus plus untuk berbagai hadiah menarik dan discount maut yang ditawarkan oleh Bukalapak. Sukses berkelanjutan untuk BUKALAPAK kita bersama Aamiin,happy
252,Aplikasi yang sangat membantu untuk kbutuhan. Barang lengkap tidak ribet . Mudah di akses.. goood aplikasi. Terus tingkatkan kualitas ya bukalapak.. terimakasih,happy
253,"Alhamdulillah, semakin baik dan memudahkan konsumen. Sukses terus ya ... andai Bukalapak bisa jadi milik bangsa Indonesia alangkah ... Jual saham donk untuk bangsa biar rakyat Indonesia ikut memiliki Bukalapak. Terimakasih",happy
254, Aplikasi anak negeri yang sangat membantu. Bangga menggunakannya. Tapi sayangnya saya ga pernah dapet hadiah di Event Serbu Bukalapak ğŸ™ˆğŸ™ˆğŸ™ˆ....,happy
255,"Belanja di Bukalapak Rekomendasi banget, semua ada yang kita butuhkan mulai dari kebutuhan rumah tangga sampai perkakas dan aksesoris ada semua di BL. Sukses terus BL.",happy
256,bukalapak skedar info kalo bisa pengiriman nya bisa pakai layanan COD jangan kalah sama situs lain dong ğŸ™ biar blnja lebih mudah lagi ,happy
257,"support karya anak bangsa, sukses selalu",happy
258," Aplikasi yg user friendly bgt.. Klo refund paling cepet, call center ramah, sama tracking barang transparan guys",happy
259,"Mantul,cuma klo bisa penggunaan voucher muncul dan dipilih saat ketika mau chek out tanpa harus menyalin terlebih dahulu di awal.seperti lapak sebelah gitu jadi lebih simpel dan gak ribet.",happy
260,"Waktu belanja selalu dpt voucher khusus, harga bersaing sama aplikasi yg lain, bisa nego, akan lebih bagus lagi jika sewaktu pakai harga nego juga penggunaan voucher khusus juga bisa digunakan maka mnurut saya bisa jadi nilai lebih buat bukalapak..",happy
261," Buka Lapak, Belanja senang,aman dan nyaman, semoga buka lapak makin maju dalam kualitas dan pelayanan dan keamanan, sukses dan jaya selalu buka lapak,dari Bukalapak,untuk Bukalapak dan oleh Bukalapak.",happy
262," Yes ok banget untuk transakasinya,cuman pada saat kita terpilih jadi pemenang serbu kenapa transaksi pembayaran tidak bisa kita lakukan padahal waktu masih tersisa setengah jam lagi",happy
263,nice bukalapak bisa nego langsung mantaop,happy
264,Alhamdulillah dengan aday buka lapak dpt berbelanja & dpt jg dengan mudah pinjam dana dengan cepat,happy
265,everything ono kabeh wkw,happy
266,Tmpqt belanja online terpercaya saya...ga ada transaksi saya yg tidak sukses Thankyou buka lapak i love you ğŸ˜˜,happy
267," Saya pelanggan setia. Senaaaaang dg gratis atau potongan ongkirrrr...seller terpercaya, komplain mudah dan difasilitasi. CS tanggap. Love it.",happy
268,Belanja online dan jual barang bagus bisa di percaya. dan BukaLapak bertanggung jawab sama pembeli.. tapi kalau sama penjual..saya kurang tahu....mungkin sama juga. Bukalapak dapat di percaya,happy
269,Sangat senang menggunakan bukalapak,happy
270,Selama ini transaksi dbuka lapak pembelian barang belum ada kendala sm sekali.. trima kasih,happy
271, Bukalapak sudah banyak saingan. sudah uninstall beberapa kali saya. tapi install lagi,happy
272," bagus dan sangat membantu dikala sedang membutuhkan sesuatu disini pasti ada saja, semua apa yang diinginkan slalu ada",happy
273,sangat membantu dengan adanya dana,happy
274, terima kasih bukalapak..... saat ini sangat membantu bisnis saya,happy
275, Bukalapak belanja online sangat membantu buat nyari barang2 yg susah di cari..lanjutkan BL tingkatkan kualitas pelayanan nya yg lebih bagus buat pelanggan.,happy
276,"Saya udh jd pelanggan tetap ,, Sudah lama saya pakai bukalapak",happy
277, Yang jelas memudahkan konsumen untuk memilih dan belanja on line dengan harga yang bersaing,happy
278, Terbaikssss.. ,happy
279,banyakin lagi vouchernya mantap bener,happy
280,"Sudah lama saya beli barang pakek bukalapak, dari pengalaman saya semua bagus, terimakasih bukalapak",happy
281,Apakah bukalapak hari ini mengadakan undian hadiah dengan mengirimkan kode pin melalui sms,happy
282,"aplikasi bagus. saran jangan terlalu banyak diperbarui agar aplikasi ini tidak berat saat dibuka / digunakan, jangan kaya olshop yg lain. semoga konsisten",happy
283,voucer gratis ongkir,happy
284,Selama ini sih oke bgt... Sring n sllu blanja di bukalapak,happy
285,"mudah cara belanjanya, mudah cara bayarnya",happy
286,"Bukalapak sangat membantu.,saat mau beli pulsa,token listrik dan kebutuhan lain nya",happy
287,"Buka lapak dalam pelayanannya sangat bagus, responnya sangat cepat, mitra kerja dengan pelapak sangat baik, saya baru sekali ini belanja di bukalapak tidak mengecewakan",happy
288,barang yg dijual bagus dan original.. pengirimannya pun cepat sampai.. belanja disini respon penjualny ramah.. recomended banget deh pokokny...,happy
289, Alhamdulillah selama ini pake bukalapak udah nyaman dan aman pokoknya,happy
290,"Memudahkan sekali kalo buat saya mah yg tinggal dipedalaman.. cari barang gampang, yg pasti dg adanya ulasan barang sangat membantu.",happy
291,Sangat menyenangkan belanja dibukalapak.. Praktis ga ribet,happy
292,"Udah sekitar 3-4thn pake bukalapak. Tampilan aplikasi paling bagus,mudah dipahami,pelayanan blm pernah mengecewakan.",happy
293," Over all belum pernah di kecewakan. Tetap pertahankan kualitas. Baik kualitas barang, pelapak, kepuasan pelanggan.",happy
294,aplikasi yang memudahkan untuk pembelian barang... bamyak promo menarik... dan saran untuk calon pembeli jadilah konsumen yang cerdas ğŸ˜,happy
295,buruan deh install bukalapak banyak voucher,happy
296,"Awalnya coba""... eeeh...ketagihan malah pengen belanja terus. Soalnya barangnya bagus"" & keren"".... jaya selalu bukalapak..",happy
297,"Puas banget belanja diaplikasi bukalapak ,barang yang dibeli sesuai pesanan & banyak vocher yang membantu meringankan biaya ongkir pembeli",happy
298,plikasi bukalapak sangat membantu dalam mencari barang kebutuhan sehari ataupun barang lainnya,happy
299,Sejauh ini gak ada kendala dan masalah. Serta gak kalah sm si ijo.. Yg membuat sy senang sekarang sdh bs pake dana. Top buka lapak,happy
300,Luar biasa. Baru kali ini saya mendapat keuntungan dari aplikasi belanja online ini. Terimakasi Bukalapak. Sukses selalu,happy
301, jangan sampe ngga belanja pokoknya hehe,happy
302,sudah ngga lemot bagus bukalapak,happy
303,"Saya sangat nyaman belanja di Bukalapak, Harganya murah, simpel, terpercaya.. Biar Bintang yang berbicara..",happy
